track_name,artist,album,release_date,duration_ms,popularity,spotify_url
I Can Do It With a Broken Heart,Taylor Swift,THE TORTURED POETS DEPARTMENT: THE ANTHOLOGY,2024-04-19,218004,73,https://open.spotify.com/track/2fPvQfGQEZOKtJ9qXeL4x8
I Can Do It With a Broken Heart - Dombresky Remix,Taylor Swift,I Can Do It With a Broken Heart (Dombresky Remix),2024-09-13,189391,53,https://open.spotify.com/track/0hFF0aqyjDwDh6SQwRbTyx
Fortnight (feat. Post Malone),Taylor Swift,THE TORTURED POETS DEPARTMENT: THE ANTHOLOGY,2024-04-19,228965,74,https://open.spotify.com/track/6dODwocEuGzHAavXqTbwHv
The Tortured Poets Department,Taylor Swift,THE TORTURED POETS DEPARTMENT: THE ANTHOLOGY,2024-04-19,293048,72,https://open.spotify.com/track/4PdLaGZubp4lghChqp8erB
My Boy Only Breaks His Favorite Toys,Taylor Swift,THE TORTURED POETS DEPARTMENT: THE ANTHOLOGY,2024-04-19,203801,74,https://open.spotify.com/track/7uGYWMwRy24dm7RUDDhUlD
Down Bad,Taylor Swift,THE TORTURED POETS DEPARTMENT: THE ANTHOLOGY,2024-04-19,261228,74,https://open.spotify.com/track/1kbEbBdEgQdQeLXCJh28pJ
"So Long, London",Taylor Swift,THE TORTURED POETS DEPARTMENT: THE ANTHOLOGY,2024-04-19,262974,73,https://open.spotify.com/track/7wAkQFShJ27V8362MqevQr
But Daddy I Love Him,Taylor Swift,THE TORTURED POETS DEPARTMENT: THE ANTHOLOGY,2024-04-19,340428,72,https://open.spotify.com/track/4QMgEffJQuKtjCNvqfRZ0m
Fresh Out The Slammer,Taylor Swift,THE TORTURED POETS DEPARTMENT: THE ANTHOLOGY,2024-04-19,210789,71,https://open.spotify.com/track/7IWcDWOfiooH5hRs9XOVYz
Florida!!! (feat. Florence + The Machine),Taylor Swift,THE TORTURED POETS DEPARTMENT: THE ANTHOLOGY,2024-04-19,215463,71,https://open.spotify.com/track/5ExOm0dh4NyRyAdSAO9hyM
Guilty as Sin?,Taylor Swift,THE TORTURED POETS DEPARTMENT: THE ANTHOLOGY,2024-04-19,254365,76,https://open.spotify.com/track/799KrpEbhZp0MHeiA8YK9P
Who’s Afraid of Little Old Me?,Taylor Swift,THE TORTURED POETS DEPARTMENT: THE ANTHOLOGY,2024-04-19,334084,73,https://open.spotify.com/track/2d8UxVNhJinc8uat9PoM9y
I Can Fix Him (No Really I Can),Taylor Swift,THE TORTURED POETS DEPARTMENT: THE ANTHOLOGY,2024-04-19,156297,69,https://open.spotify.com/track/5chnRTB9qMK3W1M41SnU9s
loml,Taylor Swift,THE TORTURED POETS DEPARTMENT: THE ANTHOLOGY,2024-04-19,277156,74,https://open.spotify.com/track/3YkNIrAvbKNrrwwEd7NVLl
The Smallest Man Who Ever Lived,Taylor Swift,THE TORTURED POETS DEPARTMENT: THE ANTHOLOGY,2024-04-19,245541,73,https://open.spotify.com/track/1xtw1krCR6Dw2KwkXw5z63
The Alchemy,Taylor Swift,THE TORTURED POETS DEPARTMENT: THE ANTHOLOGY,2024-04-19,196900,72,https://open.spotify.com/track/1tuNqJOtRQVHvONR8Lg3MZ
Clara Bow,Taylor Swift,THE TORTURED POETS DEPARTMENT: THE ANTHOLOGY,2024-04-19,216662,69,https://open.spotify.com/track/4d9PtIEVij9jW5OaLinH66
The Black Dog,Taylor Swift,THE TORTURED POETS DEPARTMENT: THE ANTHOLOGY,2024-04-19,238857,73,https://open.spotify.com/track/62E2nR0od0M5HYxuYLaDz7
imgonnagetyouback,Taylor Swift,THE TORTURED POETS DEPARTMENT: THE ANTHOLOGY,2024-04-19,222072,75,https://open.spotify.com/track/1kcwpPDQnqEqmezzXdJTCP
The Albatross,Taylor Swift,THE TORTURED POETS DEPARTMENT: THE ANTHOLOGY,2024-04-19,183878,70,https://open.spotify.com/track/4EF6IyONolQy0bIQXm2EmX
Chloe or Sam or Sophia or Marcus,Taylor Swift,THE TORTURED POETS DEPARTMENT: THE ANTHOLOGY,2024-04-19,213281,72,https://open.spotify.com/track/1rmEsOezwf2lmIZTMAO5Ag
How Did It End?,Taylor Swift,THE TORTURED POETS DEPARTMENT: THE ANTHOLOGY,2024-04-19,238706,75,https://open.spotify.com/track/5Bedn0svl0ZD7RGmJkmKKw
So High School,Taylor Swift,THE TORTURED POETS DEPARTMENT: THE ANTHOLOGY,2024-04-19,228800,76,https://open.spotify.com/track/7Mts0OfPorF4iwOomvfqn1
I Hate It Here,Taylor Swift,THE TORTURED POETS DEPARTMENT: THE ANTHOLOGY,2024-04-19,243875,72,https://open.spotify.com/track/3hlGuz3loYoLfI3bpwieWq
thanK you aIMee,Taylor Swift,THE TORTURED POETS DEPARTMENT: THE ANTHOLOGY,2024-04-19,263817,68,https://open.spotify.com/track/7ogK4lJDVDMU6A6vYR5rvD
I Look in People's Windows,Taylor Swift,THE TORTURED POETS DEPARTMENT: THE ANTHOLOGY,2024-04-19,131907,69,https://open.spotify.com/track/1Zai5UJ2di3qEuR2HeT2s8
The Prophecy,Taylor Swift,THE TORTURED POETS DEPARTMENT: THE ANTHOLOGY,2024-04-19,249807,76,https://open.spotify.com/track/18WFFUIsewmA8g31KAeo3e
Cassandra,Taylor Swift,THE TORTURED POETS DEPARTMENT: THE ANTHOLOGY,2024-04-19,240205,69,https://open.spotify.com/track/0g4fMVo4JjwnIpTfFfLdxS
Peter,Taylor Swift,THE TORTURED POETS DEPARTMENT: THE ANTHOLOGY,2024-04-19,283957,72,https://open.spotify.com/track/3zMDGj4D8ogaYgAIZPeU7S
The Bolter,Taylor Swift,THE TORTURED POETS DEPARTMENT: THE ANTHOLOGY,2024-04-19,238241,72,https://open.spotify.com/track/2913xXOVAIDAqxzV2g4VcU
Robin,Taylor Swift,THE TORTURED POETS DEPARTMENT: THE ANTHOLOGY,2024-04-19,240893,66,https://open.spotify.com/track/2CnjDMdpRjlWv04Xk3s6MW
The Manuscript,Taylor Swift,THE TORTURED POETS DEPARTMENT: THE ANTHOLOGY,2024-04-19,224743,68,https://open.spotify.com/track/1DTRUYVd8rYpla9hhVVwjo
Fortnight (feat. Post Malone) - BLOND:ISH Remix,Taylor Swift,Fortnight (feat. Post Malone) [BLOND:ISH Remix],2024-05-22,216979,63,https://open.spotify.com/track/1gejz5ROvJBUb6WJzkMAcc
Welcome To New York (Taylor's Version),Taylor Swift,1989 (Taylor's Version),2023-10-26,212600,69,https://open.spotify.com/track/1hR8BSuEqPCCZfv93zzzz9
Blank Space (Taylor's Version),Taylor Swift,1989 (Taylor's Version),2023-10-26,231833,77,https://open.spotify.com/track/45wMBGri1PORPjM9PwFfrS
Style (Taylor's Version),Taylor Swift,1989 (Taylor's Version),2023-10-26,231000,77,https://open.spotify.com/track/1hjRhYpWyqDpPahmSlUTlc
Out Of The Woods (Taylor's Version),Taylor Swift,1989 (Taylor's Version),2023-10-26,235800,71,https://open.spotify.com/track/045ZeOHPIzhxxsm8bq5kyE
All You Had To Do Was Stay (Taylor's Version),Taylor Swift,1989 (Taylor's Version),2023-10-26,193289,67,https://open.spotify.com/track/6GXgd1BPD9bUpqw5AntGV5
Shake It Off (Taylor's Version),Taylor Swift,1989 (Taylor's Version),2023-10-26,219209,72,https://open.spotify.com/track/3pv7Q5v2dpdefwdWIvE7yH
I Wish You Would (Taylor's Version),Taylor Swift,1989 (Taylor's Version),2023-10-26,207650,66,https://open.spotify.com/track/43y1WpBdnEy5TR9aZoSQL9
Bad Blood (Taylor's Version),Taylor Swift,1989 (Taylor's Version),2023-10-26,211103,67,https://open.spotify.com/track/64FzgoLZ3oXu2SriZblHic
Wildest Dreams (Taylor's Version),Taylor Swift,1989 (Taylor's Version),2023-10-26,220433,75,https://open.spotify.com/track/1K39ty6o1sHwwlZwO6a7wK
How You Get The Girl (Taylor's Version),Taylor Swift,1989 (Taylor's Version),2023-10-26,247533,65,https://open.spotify.com/track/75W3SngKzTuoQ94uLf3y82
This Love (Taylor’s Version),Taylor Swift,1989 (Taylor's Version),2023-10-26,250100,68,https://open.spotify.com/track/5QVVjX0ZItqlVpEuVCM9Yg
I Know Places (Taylor's Version),Taylor Swift,1989 (Taylor's Version),2023-10-26,195700,64,https://open.spotify.com/track/2f0GI2ZLUtbGqFx8t2Gk6A
Clean (Taylor's Version),Taylor Swift,1989 (Taylor's Version),2023-10-26,271000,69,https://open.spotify.com/track/2ByBBvpR9b7IynvRmnG7kG
Wonderland (Taylor's Version),Taylor Swift,1989 (Taylor's Version),2023-10-26,245566,65,https://open.spotify.com/track/2ve0kuaWUCt4Zx8x4bf1MR
You Are In Love (Taylor's Version),Taylor Swift,1989 (Taylor's Version),2023-10-26,267389,70,https://open.spotify.com/track/4UwqOWDpdeIDVQDuKT6iza
New Romantics (Taylor's Version),Taylor Swift,1989 (Taylor's Version),2023-10-26,230177,72,https://open.spotify.com/track/2vPMoMDXxu9uX1igWZmXSG
"""Slut!"" (Taylor's Version) (From The Vault)",Taylor Swift,1989 (Taylor's Version),2023-10-26,180381,75,https://open.spotify.com/track/71BqAINEnezjQfxE4VuJfq
Say Don't Go (Taylor's Version) (From The Vault),Taylor Swift,1989 (Taylor's Version),2023-10-26,279833,72,https://open.spotify.com/track/4NioO5R9sHEZh4cGzMHyNt
Now That We Don't Talk (Taylor's Version) (From The Vault),Taylor Swift,1989 (Taylor's Version),2023-10-26,146436,75,https://open.spotify.com/track/5KD6AEm19QnMbfWpfoOHMl
Suburban Legends (Taylor's Version) (From The Vault),Taylor Swift,1989 (Taylor's Version),2023-10-26,171818,66,https://open.spotify.com/track/6T0sEnqjmHISIKwFETeeiP
Is It Over Now? (Taylor's Version) (From The Vault),Taylor Swift,1989 (Taylor's Version),2023-10-26,229477,76,https://open.spotify.com/track/1Iq8oo9XkmmvCQiGOfORiz
Bad Blood (feat. Kendrick Lamar) (Taylor's Version),Taylor Swift,1989 (Taylor's Version) [Deluxe],2023-10-27,199773,73,https://open.spotify.com/track/6qAcApH8obo8eqatCKUHd9
Cruel Summer - Live from TS | The Eras Tour,Taylor Swift,The Cruelest Summer,2023-10-19,229566,57,https://open.spotify.com/track/6ClYMObS7f3Nn4AiZHYQt3
Cruel Summer,Taylor Swift,Lover,2019-08-23,178426,89,https://open.spotify.com/track/1BxfuPKGuaTgP7aM0Bbdwr
Cruel Summer - LP Giobbi Remix,Taylor Swift,The Cruelest Summer,2023-10-19,192900,63,https://open.spotify.com/track/0pjBqAz8GlxGlpaU4W0DxS
Mine (Taylor's Version),Taylor Swift,Speak Now (Taylor's Version),2023-07-07,231706,72,https://open.spotify.com/track/7G0gBu6nLdhFDPRLc0HdDG
Sparks Fly (Taylor’s Version),Taylor Swift,Speak Now (Taylor's Version),2023-07-07,261230,70,https://open.spotify.com/track/3MytWN8L7shNYzGl4tAKRp
Back To December (Taylor's Version),Taylor Swift,Speak Now (Taylor's Version),2023-07-07,294189,73,https://open.spotify.com/track/79uDOz0zuuWS7HWxzMmTa2
Speak Now (Taylor's Version),Taylor Swift,Speak Now (Taylor's Version),2023-07-07,242473,67,https://open.spotify.com/track/5xXqyjLicvEpch72qEryFT
Dear John (Taylor's Version),Taylor Swift,Speak Now (Taylor's Version),2023-07-07,405906,67,https://open.spotify.com/track/1zU8j1x3yi9xalMF96pzKp
Mean (Taylor's Version),Taylor Swift,Speak Now (Taylor's Version),2023-07-07,238693,67,https://open.spotify.com/track/30Y4CV7A6YqtQtTTo7Ue4j
The Story Of Us (Taylor's Version),Taylor Swift,Speak Now (Taylor's Version),2023-07-07,267653,68,https://open.spotify.com/track/6dTA6y0C2ReQklntzZl8l3
Never Grow Up (Taylor's Version),Taylor Swift,Speak Now (Taylor's Version),2023-07-07,292920,64,https://open.spotify.com/track/2EFZ9emtKWEglWUQGEQ3P9
Enchanted (Taylor's Version),Taylor Swift,Speak Now (Taylor's Version),2023-07-07,353253,78,https://open.spotify.com/track/3sW3oSbzsfecv9XoUdGs7h
Better Than Revenge (Taylor's Version),Taylor Swift,Speak Now (Taylor's Version),2023-07-07,220306,69,https://open.spotify.com/track/0NwGC0v03ysCYINtg6ns58
Innocent (Taylor's Version),Taylor Swift,Speak Now (Taylor's Version),2023-07-07,301221,62,https://open.spotify.com/track/12nBPF4Rh4XLFJV0YLN7uj
Haunted (Taylor's Version),Taylor Swift,Speak Now (Taylor's Version),2023-07-07,245413,68,https://open.spotify.com/track/4tMzIAFTFdqGBQLdfbPces
Last Kiss (Taylor's Version),Taylor Swift,Speak Now (Taylor's Version),2023-07-07,369120,68,https://open.spotify.com/track/59KOoHFcw5XfICnO57holu
Long Live (Taylor's Version),Taylor Swift,Speak Now (Taylor's Version),2023-07-07,317960,71,https://open.spotify.com/track/4hqJ4bSlYJOXb6Z4SRmzxs
Ours (Taylor’s Version),Taylor Swift,Speak Now (Taylor's Version),2023-07-07,235803,64,https://open.spotify.com/track/3yNJkriPzWjkkDAWHIAVUq
Superman (Taylor’s Version),Taylor Swift,Speak Now (Taylor's Version),2023-07-07,274945,61,https://open.spotify.com/track/4evLyY5Ue1Wesc61t2KXAU
Electric Touch (feat. Fall Out Boy) (Taylor’s Version) (From The Vault),Taylor Swift,Speak Now (Taylor's Version),2023-07-07,266466,66,https://open.spotify.com/track/4e3ZNTAV6PCrdYMUrUlMpQ
When Emma Falls in Love (Taylor’s Version) (From The Vault),Taylor Swift,Speak Now (Taylor's Version),2023-07-07,252385,65,https://open.spotify.com/track/0zo975x58DlXbZllWvfYhg
I Can See You (Taylor’s Version) (From The Vault),Taylor Swift,Speak Now (Taylor's Version),2023-07-07,273186,72,https://open.spotify.com/track/5kHMfzgLZP95O9NBy0ku4v
Castles Crumbling (feat. Hayley Williams) (Taylor’s Version) (From The Vault),Taylor Swift,Speak Now (Taylor's Version),2023-07-07,306062,66,https://open.spotify.com/track/4ABYxlb92WBIjHu7TIKmml
Foolish One (Taylor’s Version) (From The Vault),Taylor Swift,Speak Now (Taylor's Version),2023-07-07,311765,67,https://open.spotify.com/track/4s8BIKx4Zh6ryAEz8RTlaU
Timeless (Taylor’s Version) (From The Vault),Taylor Swift,Speak Now (Taylor's Version),2023-07-07,321396,67,https://open.spotify.com/track/1HCdems7PQZRj42QDWLA0A
You’re Losing Me (From The Vault),Taylor Swift,You're Losing Me (From The Vault),2023-11-29,277831,76,https://open.spotify.com/track/3CWq0pAKKTWb0K4yiglDc4
Karma (feat. Ice Spice),Taylor Swift,Midnights (The Til Dawn Edition),2023-05-26,201493,62,https://open.spotify.com/track/4i6cwNY6oIUU2XZxPIw82Y
Hits Different,Taylor Swift,Midnights (The Til Dawn Edition),2023-05-26,234466,72,https://open.spotify.com/track/3xYJScVfxByb61dYHTwiby
Snow On The Beach (feat. More Lana Del Rey),Taylor Swift,Midnights (The Til Dawn Edition),2023-05-26,229942,72,https://open.spotify.com/track/4zmKGsrXjLmljb5fTaBTot
Karma,Taylor Swift,Midnights,2022-10-21,204852,76,https://open.spotify.com/track/7KokYm8cMIXCsGVmUvKtqf
Lavender Haze,Taylor Swift,Midnights,2022-10-21,202395,74,https://open.spotify.com/track/5jQI2r1RdgtuT8S3iG8zFC
All Of The Girls You Loved Before,Taylor Swift,All Of The Girls You Loved Before,2019-08-23,221407,74,https://open.spotify.com/track/4P9Q0GojKVXpRTJCaL3kyy
Safe & Sound (feat. Joy Williams and John Paul White) (Taylor’s Version),Taylor Swift,Safe & Sound (Taylor's Version),2021-11-12,239668,64,https://open.spotify.com/track/2RJnNdu4pb3MypbBroHU0T
Anti-Hero,Taylor Swift,Midnights,2022-10-21,200690,82,https://open.spotify.com/track/0V3wPSX9ygBnCm8psDIegu
Lavender Haze - Acoustic Version,Taylor Swift,Lavender Haze (Acoustic Version),2023-03-31,174375,56,https://open.spotify.com/track/05kJkr80XEaZeN8kxyQoFp
Eyes Open (Taylor's Version),Taylor Swift,Eyes Open (Taylor's Version),2021-11-12,243264,59,https://open.spotify.com/track/2NIBaWXdjaTDmytjjwbEfP
If This Was A Movie (Taylor’s Version),Taylor Swift,If This Was A Movie (Taylor’s Version),2021-04-09,237022,63,https://open.spotify.com/track/0kAZ3H6G9Zac4PMpmobMkj
Lavender Haze - Snakehips Remix,Taylor Swift,Lavender Haze (Remixes),2023-03-03,187510,51,https://open.spotify.com/track/6F67FNdOBNMFzxdj1CQ5pL
Lavender Haze - Tensnake Remix,Taylor Swift,Lavender Haze (Remixes),2023-03-03,214966,41,https://open.spotify.com/track/7kjSmkSo15pHlkb0mOQtfj
Lavender Haze - Jungle Remix,Taylor Swift,Lavender Haze (Remixes),2023-03-03,235932,38,https://open.spotify.com/track/0ThxqUZ9PwS6n0UT5i1XH6
Lavender Haze - Felix Jaehn Remix,Taylor Swift,Lavender Haze (Remixes),2023-03-03,171562,41,https://open.spotify.com/track/5KxZfCXXmVvKhPo8hQz2pS
Lavender Haze,Taylor Swift,Lavender Haze (Remixes),2023-03-03,202395,40,https://open.spotify.com/track/5NlYplrGsjUDFZ6x3HeVyT
Lavender Haze - Felix Jaehn Remix,Taylor Swift,Lavender Haze (Felix Jaehn Remix),2023-02-10,171562,49,https://open.spotify.com/track/2M4tVhRXucLE9M3STv21Yi
Anti-Hero - ILLENIUM Remix,Taylor Swift,Anti-Hero (ILLENIUM Remix),2022-11-18,267960,51,https://open.spotify.com/track/6C0H8ts9M6deezz0yYR6LK
Anti-Hero - Acoustic Version,Taylor Swift,Anti-Hero (Acoustic Version),2022-11-25,196473,57,https://open.spotify.com/track/2d3d9xZutJjmUpntiyHt3F
Anti-Hero (feat. Bleachers),Taylor Swift,Anti-Hero (Remixes),2022-11-11,228397,37,https://open.spotify.com/track/16M9Rxid0nXhVmme7lzVwN
Anti-Hero - Roosevelt Remix,Taylor Swift,Anti-Hero (Remixes),2022-11-11,299203,39,https://open.spotify.com/track/4XiypEn8iKbeP1TbTqdfk5
Anti-Hero - Kungs Remix,Taylor Swift,Anti-Hero (Remixes),2022-11-11,194612,58,https://open.spotify.com/track/2oWpe2L8ypC080BxpDVuTY
Anti-Hero - Jayda G Remix,Taylor Swift,Anti-Hero (Remixes),2022-11-11,215696,38,https://open.spotify.com/track/4YrpqEBNuz7IMsZtUP6bNQ
Anti-Hero (feat. Bleachers),Taylor Swift,Anti-Hero (feat. Bleachers),2022-11-08,228397,52,https://open.spotify.com/track/0j0gJqxitjhmmkrW56dtQH
Maroon,Taylor Swift,Midnights,2022-10-21,218270,72,https://open.spotify.com/track/3eX0NZfLtGzoLUxPNvRfqm
Snow On The Beach (feat. Lana Del Rey),Taylor Swift,Midnights,2022-10-21,256124,68,https://open.spotify.com/track/1wtOxkiel43cVs0Yux5Q4h
"You're On Your Own, Kid",Taylor Swift,Midnights,2022-10-21,194206,77,https://open.spotify.com/track/4D7BCuvgdJlYvlX5WlN54t
Midnight Rain,Taylor Swift,Midnights,2022-10-21,174782,75,https://open.spotify.com/track/3rWDp9tBPQR9z6U5YyRSK4
Question...?,Taylor Swift,Midnights,2022-10-21,210556,65,https://open.spotify.com/track/0heeNYlwOGuUSe7TgUD27B
Vigilante Shit,Taylor Swift,Midnights,2022-10-21,164801,71,https://open.spotify.com/track/1xwAWUI6Dj0WGC3KiUPN0O
Bejeweled,Taylor Swift,Midnights,2022-10-21,194165,74,https://open.spotify.com/track/3qoftcUZaUOncvIYjFSPdE
Labyrinth,Taylor Swift,Midnights,2022-10-21,247962,71,https://open.spotify.com/track/0A1JLUlkZkp2EFrosoNQi0
Sweet Nothing,Taylor Swift,Midnights,2022-10-21,188496,68,https://open.spotify.com/track/0wavGRldH0AWyu2zvTz8zb
Mastermind,Taylor Swift,Midnights,2022-10-21,191039,70,https://open.spotify.com/track/7FmYn9e7KHMXcxqGSj9LjH
The Great War,Taylor Swift,Midnights (3am Edition),2022-10-22,240355,68,https://open.spotify.com/track/3UMrglJeju5yWyYIW6o99b
Bigger Than The Whole Sky,Taylor Swift,Midnights (3am Edition),2022-10-22,218502,65,https://open.spotify.com/track/0BiqmkasE5FdrChwKfVp8X
Paris,Taylor Swift,Midnights (3am Edition),2022-10-22,196258,64,https://open.spotify.com/track/7712gjoih4QoDbXpljEk21
High Infidelity,Taylor Swift,Midnights (3am Edition),2022-10-22,231475,63,https://open.spotify.com/track/5kiZGSxgqPdv6rbqL9THdd
Glitch,Taylor Swift,Midnights (3am Edition),2022-10-22,148781,61,https://open.spotify.com/track/6wAFvJPpTZVirBKGZ4EnMW
"Would've, Could've, Should've",Taylor Swift,Midnights (3am Edition),2022-10-22,260361,66,https://open.spotify.com/track/0aV5uARAknQgYhBaK944FP
Dear Reader,Taylor Swift,Midnights (3am Edition),2022-10-22,225194,63,https://open.spotify.com/track/3QF5RsWzK1lCvf2o2cY65P
Carolina - From The Motion Picture “Where The Crawdads Sing”,Taylor Swift,Carolina (From The Motion Picture “Where The Crawdads Sing”),2022-06-24,264438,63,https://open.spotify.com/track/4axSuOg3BqsowKjRpj59RU
This Love (Taylor’s Version),Taylor Swift,This Love (Taylor’s Version),2022-05-06,250100,65,https://open.spotify.com/track/4d1CG5ei1E2vGbvmgf5KKv
august,Taylor Swift,folklore,2020-07-24,261922,84,https://open.spotify.com/track/3hUxzQpSfdDqwM3ZTFQY0K
Wildest Dreams (Taylor's Version),Taylor Swift,This Love (Taylor’s Version),2022-05-06,220433,48,https://open.spotify.com/track/1IxeJLsubGTboNN9K5XNfL
All Too Well (10 Minute Version) (The Short Film),Taylor Swift,All Too Well (10 Minute Version) (The Short Film),2022-06-11,686022,48,https://open.spotify.com/track/1u4HUiREUR6vX1W1RYG2Tm
The Joker And The Queen (feat. Taylor Swift),Ed Sheeran,The Joker And The Queen (feat. Taylor Swift),2022-02-11,185422,64,https://open.spotify.com/track/6N1K5OVVCopBjGViHs2IvP
Message In A Bottle (Fat Max G Remix) (Taylor’s Version),Taylor Swift,Message In A Bottle (Fat Max G Remix) (Taylor’s Version),2022-01-21,224649,50,https://open.spotify.com/track/3tGq7hWDCtrnL83y5OGual
All Too Well (Sad Girl Autumn Version) - Recorded at Long Pond Studios,Taylor Swift,All Too Well (Sad Girl Autumn Version) - Recorded at Long Pond Studios,2021-11-18,598150,59,https://open.spotify.com/track/1n3b9Eekoy3S9ZSZ5DmTW1
Message In A Bottle (Taylor's Version) (From The Vault),Taylor Swift,Red (Taylor's Version),2021-11-12,225960,70,https://open.spotify.com/track/3z6XUommYDWPHeFhmhhT6j
Run (feat. Ed Sheeran) (Taylor’s Version) (From The Vault),Taylor Swift,Red (Taylor's Version),2021-11-12,240226,63,https://open.spotify.com/track/4IQkfUsrwXol38VV3U7t7T
I Bet You Think About Me (feat. Chris Stapleton) (Taylor’s Version) (From The Vault),Taylor Swift,Red (Taylor's Version),2021-11-12,285106,70,https://open.spotify.com/track/4CkgMiMqZ5JzW9iYXSTMTL
All Too Well (10 Minute Version) (Taylor's Version) (From The Vault),Taylor Swift,Red (Taylor's Version),2021-11-12,613026,80,https://open.spotify.com/track/5enxwA8aAbwZbf5qCHORXi
Nothing New (feat. Phoebe Bridgers) (Taylor’s Version) (From The Vault),Taylor Swift,Red (Taylor's Version),2021-11-12,258812,70,https://open.spotify.com/track/01K4zKU104LyJ8gMb7227B
Forever Winter (Taylor's Version) (From The Vault),Taylor Swift,Red (Taylor's Version),2021-11-12,263533,62,https://open.spotify.com/track/3oGVx9RBmiYGv5ZCecWLkx
Babe (Taylor's Version) (From The Vault),Taylor Swift,Red (Taylor's Version),2021-11-12,224240,66,https://open.spotify.com/track/0v4z1tuZvn6LGknom9Qx7d
Better Man (Taylor's Version) (From The Vault),Taylor Swift,Red (Taylor's Version),2021-11-12,297013,66,https://open.spotify.com/track/4OmFmE0fzcMG6g0Y8p4eSD
The Very First Night (Taylor's Version) (From The Vault),Taylor Swift,Red (Taylor's Version),2021-11-12,200280,68,https://open.spotify.com/track/6pYNq0ZwpPVazKzsqpf0G8
State Of Grace (Taylor's Version),Taylor Swift,Red (Taylor's Version),2021-11-12,295413,64,https://open.spotify.com/track/6lzc0Al0zfZOIFsFvBS1ki
Red (Taylor's Version),Taylor Swift,Red (Taylor's Version),2021-11-12,223093,73,https://open.spotify.com/track/4OAuvHryIVv4kMDNSLuPt6
Treacherous (Taylor's Version),Taylor Swift,Red (Taylor's Version),2021-11-12,242720,64,https://open.spotify.com/track/3S7HNKPakdwNEBFIVTL6dZ
I Knew You Were Trouble (Taylor's Version),Taylor Swift,Red (Taylor's Version),2021-11-12,219760,72,https://open.spotify.com/track/6AtZLIzUINvExIUy4QhdjP
All Too Well (Taylor's Version),Taylor Swift,Red (Taylor's Version),2021-11-12,329160,71,https://open.spotify.com/track/3nsfB1vus2qaloUdcBZvDu
22 (Taylor's Version),Taylor Swift,Red (Taylor's Version),2021-11-12,230960,72,https://open.spotify.com/track/3yII7UwgLF6K5zW3xad3MP
I Almost Do (Taylor's Version),Taylor Swift,Red (Taylor's Version),2021-11-12,244586,64,https://open.spotify.com/track/2r9CbjYgFhtAmcFv1cSquB
We Are Never Ever Getting Back Together (Taylor's Version),Taylor Swift,Red (Taylor's Version),2021-11-12,193146,73,https://open.spotify.com/track/5YqltLsjdqFtvqE7Nrysvs
Stay Stay Stay (Taylor's Version),Taylor Swift,Red (Taylor's Version),2021-11-12,205786,62,https://open.spotify.com/track/7eQj6r5PIdYKEIZjucBMcq
The Last Time (feat. Gary Lightbody of Snow Patrol) (Taylor’s Version),Taylor Swift,Red (Taylor's Version),2021-11-12,299080,68,https://open.spotify.com/track/0y6kdSRCVQhSsHSpWvTUm7
Holy Ground (Taylor's Version),Taylor Swift,Red (Taylor's Version),2021-11-12,202960,63,https://open.spotify.com/track/7J4b3LVCIGO4CMBDFLPoP6
Sad Beautiful Tragic (Taylor's Version),Taylor Swift,Red (Taylor's Version),2021-11-12,284773,65,https://open.spotify.com/track/73qMN9bXy7MSPwwGfH3wQr
The Lucky One (Taylor's Version),Taylor Swift,Red (Taylor's Version),2021-11-12,240466,62,https://open.spotify.com/track/4e5ayHsOLJNLTGfjau2mEw
Everything Has Changed (feat. Ed Sheeran) (Taylor’s Version),Taylor Swift,Red (Taylor's Version),2021-11-12,245426,70,https://open.spotify.com/track/7qEUFOVcxRI19tbT68JcYK
Starlight (Taylor's Version),Taylor Swift,Red (Taylor's Version),2021-11-12,220413,62,https://open.spotify.com/track/7A2cNLRT0YJc1yjxHlKihs
Begin Again (Taylor's Version),Taylor Swift,Red (Taylor's Version),2021-11-12,238866,68,https://open.spotify.com/track/05GsNucq8Bngd9fnd4fRa0
The Moment I Knew (Taylor's Version),Taylor Swift,Red (Taylor's Version),2021-11-12,285280,62,https://open.spotify.com/track/0NRHj8hDwwmSPaA41o379r
Come Back...Be Here (Taylor's Version),Taylor Swift,Red (Taylor's Version),2021-11-12,223333,66,https://open.spotify.com/track/4pNApnaUWAL2J4KO2eqokq
Girl At Home (Taylor's Version),Taylor Swift,Red (Taylor's Version),2021-11-12,220520,61,https://open.spotify.com/track/0DMVrlMUn01M0IcpDbwgu7
State Of Grace (Acoustic Version) (Taylor's Version),Taylor Swift,Red (Taylor's Version),2021-11-12,321640,61,https://open.spotify.com/track/5jAIouBES8LWMiriuNq170
Ronan (Taylor's Version),Taylor Swift,Red (Taylor's Version),2021-11-12,264253,57,https://open.spotify.com/track/7nWui6jiMM2m9qFmET1Mtj
the lakes - original version,Taylor Swift,the lakes (original version),2021-07-24,227203,59,https://open.spotify.com/track/0UAdDYrkCvVQftaKpL6q5f
Renegade (feat. Taylor Swift),Big Red Machine,Renegade (feat. Taylor Swift),2021-07-02,254466,1,https://open.spotify.com/track/1aU1wpYBSpP0M6IiihY5Ue
cardigan,Taylor Swift,folklore,2020-07-24,239560,84,https://open.spotify.com/track/4R2kfaDFhslZEMJqAFNpdd
exile (feat. Bon Iver),Taylor Swift,folklore,2020-07-24,285634,78,https://open.spotify.com/track/4pvb0WLRcMtbPGmtejJJ6y
betty,Taylor Swift,folklore,2020-07-24,294521,70,https://open.spotify.com/track/5kI4eCXXzyuIUXjQra0Cxi
this is me trying,Taylor Swift,folklore,2020-07-24,195097,75,https://open.spotify.com/track/7kt9e9LFSpN1zQtYEl19o1
the 1,Taylor Swift,folklore,2020-07-24,210251,74,https://open.spotify.com/track/0Jlcvv8IykzHaSmj49uNW8
the last great american dynasty,Taylor Swift,folklore,2020-07-24,230999,68,https://open.spotify.com/track/2Eeur20xVqfUoM3Q7EFPFt
my tears ricochet,Taylor Swift,folklore,2020-07-24,255893,80,https://open.spotify.com/track/1MgV7FIyNxIG7WzMRJV5HC
mirrorball,Taylor Swift,folklore,2020-07-24,208977,73,https://open.spotify.com/track/0ZNU020wNYvgW84iljPkPP
seven,Taylor Swift,folklore,2020-07-24,208906,69,https://open.spotify.com/track/6KJqZcs9XDgVck7Lg9QOTC
illicit affairs,Taylor Swift,folklore,2020-07-24,190898,75,https://open.spotify.com/track/2NmsngXHeC1GQ9wWrzhOMf
invisible string,Taylor Swift,folklore,2020-07-24,252880,73,https://open.spotify.com/track/6VsvKPJ4xjVNKpI8VVZ3SV
mad woman,Taylor Swift,folklore,2020-07-24,237258,65,https://open.spotify.com/track/2QDyYdZyhlP2fp79KZX8Bi
epiphany,Taylor Swift,folklore,2020-07-24,289749,63,https://open.spotify.com/track/08fa9LFcFBTcilB3iq2e2A
peace,Taylor Swift,folklore,2020-07-24,234000,65,https://open.spotify.com/track/7MbT4I8qGntX4fMdqMQgke
hoax,Taylor Swift,folklore,2020-07-24,220042,65,https://open.spotify.com/track/6MWoRt97mnSTXZhu3ggi9C
cardigan - cabin in candlelight version,Taylor Swift,cardigan (cabin in candlelight version),2020-07-30,228000,53,https://open.spotify.com/track/2hmafYGj1CXYKIYcMnX4lj
the lakes - bonus track,Taylor Swift,folklore (deluxe version),2020-08-18,211813,65,https://open.spotify.com/track/0eFQWVz0qIxDOvhLpZ40P7
Love Story (Taylor’s Version),Taylor Swift,Love Story (Taylor’s Version),2021-02-12,235766,77,https://open.spotify.com/track/3CeCwYWvdfXbZLXFhBrbnf
Fearless (Taylor’s Version),Taylor Swift,Fearless (Taylor's Version),2021-04-09,241591,75,https://open.spotify.com/track/77sMIMlNaSURUAXq5coCxE
Fifteen (Taylor’s Version),Taylor Swift,Fearless (Taylor's Version),2021-04-09,294419,64,https://open.spotify.com/track/2nqio0SfWg6gh2eCtfuMa5
Love Story (Taylor’s Version),Taylor Swift,Fearless (Taylor's Version),2021-04-09,235766,77,https://open.spotify.com/track/6YvqWjhGD8mB5QXcbcUKtx
Hey Stephen (Taylor’s Version),Taylor Swift,Fearless (Taylor's Version),2021-04-09,254254,64,https://open.spotify.com/track/550erGcdD9n6PnwxrvYqZT
White Horse (Taylor’s Version),Taylor Swift,Fearless (Taylor's Version),2021-04-09,234515,68,https://open.spotify.com/track/5YL553x8sHderRBDlm3NM3
You Belong With Me (Taylor’s Version),Taylor Swift,Fearless (Taylor's Version),2021-04-09,231124,81,https://open.spotify.com/track/1qrpoAMXodY6895hGKoUpA
Breathe (feat. Colbie Caillat) (Taylor’s Version),Taylor Swift,Fearless (Taylor's Version),2021-04-09,263377,62,https://open.spotify.com/track/7HC7R2D8WjXVcUHJyEGjRs
Tell Me Why (Taylor’s Version),Taylor Swift,Fearless (Taylor's Version),2021-04-09,200575,60,https://open.spotify.com/track/0k0vFacOHNuArLWMiH60p7
You’re Not Sorry (Taylor’s Version),Taylor Swift,Fearless (Taylor's Version),2021-04-09,261842,63,https://open.spotify.com/track/6iiAfo4wTA2CVC3Uwx9uh8
The Way I Loved You (Taylor’s Version),Taylor Swift,Fearless (Taylor's Version),2021-04-09,243136,75,https://open.spotify.com/track/22bPsP2jCgbLUvh82U0Z3M
Forever & Always (Taylor’s Version),Taylor Swift,Fearless (Taylor's Version),2021-04-09,225328,66,https://open.spotify.com/track/1msEuwSBneBKpVCZQcFTsU
The Best Day (Taylor’s Version),Taylor Swift,Fearless (Taylor's Version),2021-04-09,245290,60,https://open.spotify.com/track/6ON9UuIq49xXY9GPmHIYRp
Change (Taylor’s Version),Taylor Swift,Fearless (Taylor's Version),2021-04-09,279359,59,https://open.spotify.com/track/3ExweHKZF9B752DPQByRVT
Jump Then Fall (Taylor’s Version),Taylor Swift,Fearless (Taylor's Version),2021-04-09,237580,61,https://open.spotify.com/track/2m3ObD945KvpE5y9A1eUWm
Untouchable (Taylor’s Version),Taylor Swift,Fearless (Taylor's Version),2021-04-09,312107,62,https://open.spotify.com/track/0tQ9vBYpldCuikPsbgOVKA
Forever & Always (Piano Version) (Taylor’s Version),Taylor Swift,Fearless (Taylor's Version),2021-04-09,267833,60,https://open.spotify.com/track/01QdEx6kFr78ZejhQtWR5m
Come In With The Rain (Taylor’s Version),Taylor Swift,Fearless (Taylor's Version),2021-04-09,237338,58,https://open.spotify.com/track/1n2wszmJyVkw6FHqyLnQsY
Superstar (Taylor’s Version),Taylor Swift,Fearless (Taylor's Version),2021-04-09,263865,58,https://open.spotify.com/track/51A8eKvvZz9uydvIZ7xRSV
The Other Side Of The Door (Taylor’s Version),Taylor Swift,Fearless (Taylor's Version),2021-04-09,238443,63,https://open.spotify.com/track/1cSFlSBdpT4F5vb1frQ231
Today Was A Fairytale (Taylor’s Version),Taylor Swift,Fearless (Taylor's Version),2021-04-09,241822,61,https://open.spotify.com/track/2JoJrsEV15OzbijS47lids
You All Over Me (feat. Maren Morris) (Taylor’s Version) (From The Vault),Taylor Swift,Fearless (Taylor's Version),2021-04-09,220839,59,https://open.spotify.com/track/4CHpVfAhuxNJ3ibExe6kxO
Mr. Perfectly Fine (Taylor’s Version) (From The Vault),Taylor Swift,Fearless (Taylor's Version),2021-04-09,277591,69,https://open.spotify.com/track/2CYVETnhM9aytqrazYYwrK
We Were Happy (Taylor’s Version) (From The Vault),Taylor Swift,Fearless (Taylor's Version),2021-04-09,244236,60,https://open.spotify.com/track/34V9RiEPe8MNdU32qJsJa1
That’s When (feat. Keith Urban) (Taylor’s Version) (From The Vault),Taylor Swift,Fearless (Taylor's Version),2021-04-09,189495,62,https://open.spotify.com/track/7eResoqEJJAVTkQYSqvO3P
Don’t You (Taylor’s Version) (From The Vault),Taylor Swift,Fearless (Taylor's Version),2021-04-09,208608,62,https://open.spotify.com/track/4uuEGH5SVuzkkSFjo2DEiY
Bye Bye Baby (Taylor’s Version) (From The Vault),Taylor Swift,Fearless (Taylor's Version),2021-04-09,242157,60,https://open.spotify.com/track/4qUijfYU8EoIWiY6oSyrgT
willow,Taylor Swift,evermore,2020-12-10,214706,68,https://open.spotify.com/track/3Uo7WG0vmLQ07WB4BDwy7D
willow - moonlit witch version,Taylor Swift,willow (moonlit witch version),2020-12-16,208866,43,https://open.spotify.com/track/5XkJj6sV2XLMaURdmdXgNx
willow - lonely witch version,Taylor Swift,willow (lonely witch version),2020-12-15,214653,49,https://open.spotify.com/track/0U0etHtpARihOUUY8Akc7y
willow - dancing witch version (Elvira remix),Taylor Swift,willow [dancing witch version (Elvira remix)],2020-12-13,184819,54,https://open.spotify.com/track/2NnrAdjE9cPdMklonMBuAv
champagne problems,Taylor Swift,evermore,2020-12-10,244000,56,https://open.spotify.com/track/6rap8NpGq8LDcVaJWkKFPn
gold rush,Taylor Swift,evermore,2020-12-10,185320,47,https://open.spotify.com/track/2ZTKWFG6OtHI3ewy9OGNOY
‘tis the damn season,Taylor Swift,evermore,2020-12-10,229840,51,https://open.spotify.com/track/4GBkffrtA51p17JH35irGA
tolerate it,Taylor Swift,evermore,2020-12-10,245440,49,https://open.spotify.com/track/1t2M7UYoUpmhfZNMBsymJr
"no body, no crime (feat. HAIM)",Taylor Swift,evermore,2020-12-10,215626,60,https://open.spotify.com/track/6NriykdkRrjQMZo1sfVYUo
happiness,Taylor Swift,evermore,2020-12-10,315146,44,https://open.spotify.com/track/0EFdoyXHpRHhEmsOlQhIXO
dorothea,Taylor Swift,evermore,2020-12-10,225880,56,https://open.spotify.com/track/3w9VRlKPvNxj40RdUGRweH
coney island (feat. The National),Taylor Swift,evermore,2020-12-10,275320,56,https://open.spotify.com/track/4tyX1rw9X309WkEdh2As4B
ivy,Taylor Swift,evermore,2020-12-10,260440,48,https://open.spotify.com/track/7tXMHAFEOzcUaUQqovRGho
cowboy like me,Taylor Swift,evermore,2020-12-10,275040,48,https://open.spotify.com/track/3qy4znWySY3rwzS2vHDOeg
long story short,Taylor Swift,evermore,2020-12-10,215920,59,https://open.spotify.com/track/0vVMlbdYx2080Oa9FndPZr
marjorie,Taylor Swift,evermore,2020-12-10,257773,65,https://open.spotify.com/track/7vBNFh3NIZTj6tB5s1IBjE
closure,Taylor Swift,evermore,2020-12-10,180653,51,https://open.spotify.com/track/3uayvzcbqFydIbgUeC6EJh
evermore (feat. Bon Iver),Taylor Swift,evermore,2020-12-10,304106,64,https://open.spotify.com/track/0AaV4MJrgmLV3XhoiWXjjb
the 1 - the long pond studio sessions,Taylor Swift,folklore: the long pond studio sessions (from the Disney+ special) [deluxe edition],2020-11-25,219893,52,https://open.spotify.com/track/08J4bMHbILkwSIhbtrcvjN
cardigan - the long pond studio sessions,Taylor Swift,folklore: the long pond studio sessions (from the Disney+ special) [deluxe edition],2020-11-25,230680,55,https://open.spotify.com/track/3EPgWM1zfTSzEc0z4AwWTM
the last great american dynasty - the long pond studio sessions,Taylor Swift,folklore: the long pond studio sessions (from the Disney+ special) [deluxe edition],2020-11-25,232346,50,https://open.spotify.com/track/28tIMaewZuGR8urkvFhQyA
exile (feat. Bon Iver) - the long pond studio sessions,Taylor Swift,folklore: the long pond studio sessions (from the Disney+ special) [deluxe edition],2020-11-25,279893,52,https://open.spotify.com/track/7N015NTIWGjQDddHUdHPoO
my tears ricochet - the long pond studio sessions,Taylor Swift,folklore: the long pond studio sessions (from the Disney+ special) [deluxe edition],2020-11-25,295173,55,https://open.spotify.com/track/5mdNyCS7ttVcAyVYOIFEjs
mirrorball - the long pond studio sessions,Taylor Swift,folklore: the long pond studio sessions (from the Disney+ special) [deluxe edition],2020-11-25,237373,52,https://open.spotify.com/track/2yceD2hx5HhOLgkm1CITCi
seven - the long pond studio sessions,Taylor Swift,folklore: the long pond studio sessions (from the Disney+ special) [deluxe edition],2020-11-25,208986,50,https://open.spotify.com/track/4cOWq0cVsKjxaQpRMbDoH1
august - the long pond studio sessions,Taylor Swift,folklore: the long pond studio sessions (from the Disney+ special) [deluxe edition],2020-11-25,260000,53,https://open.spotify.com/track/4MGexoZc12lqE0hYkq9YYx
this is me trying - the long pond studio sessions,Taylor Swift,folklore: the long pond studio sessions (from the Disney+ special) [deluxe edition],2020-11-25,209293,54,https://open.spotify.com/track/1gaLZjPrDnHQWJds2Jg4KT
illicit affairs - the long pond studio sessions,Taylor Swift,folklore: the long pond studio sessions (from the Disney+ special) [deluxe edition],2020-11-25,183720,51,https://open.spotify.com/track/560uQyz3p5G9WdnMX39xc6
invisible string - the long pond studio sessions,Taylor Swift,folklore: the long pond studio sessions (from the Disney+ special) [deluxe edition],2020-11-25,257359,50,https://open.spotify.com/track/5KByGq0JijSSDcy0qzuINs
mad woman - the long pond studio sessions,Taylor Swift,folklore: the long pond studio sessions (from the Disney+ special) [deluxe edition],2020-11-25,238333,49,https://open.spotify.com/track/04xrhDrQ2WOW8GLwu7kbc0
epiphany - the long pond studio sessions,Taylor Swift,folklore: the long pond studio sessions (from the Disney+ special) [deluxe edition],2020-11-25,274880,49,https://open.spotify.com/track/4yyKppX85ZkmlGOC2toBZA
betty - the long pond studio sessions,Taylor Swift,folklore: the long pond studio sessions (from the Disney+ special) [deluxe edition],2020-11-25,290040,50,https://open.spotify.com/track/1mh5dObNoOvCfHmXnhvDEK
peace - the long pond studio sessions,Taylor Swift,folklore: the long pond studio sessions (from the Disney+ special) [deluxe edition],2020-11-25,214373,49,https://open.spotify.com/track/4YHHz3VIXgNDGdoL9xC1tx
hoax - the long pond studio sessions,Taylor Swift,folklore: the long pond studio sessions (from the Disney+ special) [deluxe edition],2020-11-25,221800,50,https://open.spotify.com/track/0QTBsdoJhamY3Aid3fOsOd
the lakes - the long pond studio sessions,Taylor Swift,folklore: the long pond studio sessions (from the Disney+ special) [deluxe edition],2020-11-25,199733,52,https://open.spotify.com/track/6mqyTq948oap5AkyTsd6XF
Daylight - Live From Paris,Taylor Swift,Daylight (Live From Paris),2020-05-17,262320,55,https://open.spotify.com/track/7ryS0xBZNYjQqql34GCkDp
Cornelia Street - Live From Paris,Taylor Swift,Cornelia Street (Live From Paris),2020-05-18,296013,59,https://open.spotify.com/track/3fGnrtrtL1IHSX9t4DKOYf
the 1 - the long pond studio sessions,Taylor Swift,folklore: the long pond studio sessions (from the Disney+ special) [deluxe edition],2020-11-25,219893,52,https://open.spotify.com/track/08J4bMHbILkwSIhbtrcvjN
hoax - the long pond studio sessions,Taylor Swift,folklore: the long pond studio sessions (from the Disney+ special) [deluxe edition],2020-11-25,221800,50,https://open.spotify.com/track/0QTBsdoJhamY3Aid3fOsOd
The Man,Taylor Swift,Lover,2019-08-23,190360,79,https://open.spotify.com/track/3RauEVgRgj1IuWdJ9fDs70
I Forgot That You Existed,Taylor Swift,Lover,2019-08-23,170640,70,https://open.spotify.com/track/43rA71bccXFGD4C8GOpIlN
Lover,Taylor Swift,Lover,2019-08-23,221306,85,https://open.spotify.com/track/1dGr1c8CrMLDpV6mPbImSI
The Man,Taylor Swift,Lover,2019-08-23,190360,79,https://open.spotify.com/track/3RauEVgRgj1IuWdJ9fDs70
The Archer,Taylor Swift,Lover,2019-08-23,211240,75,https://open.spotify.com/track/3pHkh7d0lzM2AldUtz2x37
I Think He Knows,Taylor Swift,Lover,2019-08-23,173386,70,https://open.spotify.com/track/2YWtcWi3a83pdEg3Gif4Pd
Miss Americana & The Heartbreak Prince,Taylor Swift,Lover,2019-08-23,234146,75,https://open.spotify.com/track/214nt20w5wOxJnY462klLw
Paper Rings,Taylor Swift,Lover,2019-08-23,222400,77,https://open.spotify.com/track/4y5bvROuBDPr5fuwXbIBZR
Cornelia Street,Taylor Swift,Lover,2019-08-23,287266,73,https://open.spotify.com/track/12M5uqx0ZuwkpLp5rJim1a
Death By A Thousand Cuts,Taylor Swift,Lover,2019-08-23,198533,71,https://open.spotify.com/track/2dgFqt3w9xIQRjhPtwNk3D
London Boy,Taylor Swift,Lover,2019-08-23,190240,72,https://open.spotify.com/track/1LLXZFeAHK9R4xUramtUKw
Soon You’ll Get Better (feat. The Chicks),Taylor Swift,Lover,2019-08-23,201586,65,https://open.spotify.com/track/4AYtqFyFbX0Xkc2wtcygTr
False God,Taylor Swift,Lover,2019-08-23,200306,72,https://open.spotify.com/track/5hQSXkFgbxjZo9uCwd11so
You Need To Calm Down,Taylor Swift,Lover,2019-08-23,171360,77,https://open.spotify.com/track/6RRNNciQGZEXnqk8SQ9yv5
Afterglow,Taylor Swift,Lover,2019-08-23,223293,74,https://open.spotify.com/track/1SymEzIT3H8UZfibCs3TYi
ME! (feat. Brendon Urie of Panic! At The Disco),Taylor Swift,Lover,2019-08-23,193000,74,https://open.spotify.com/track/2Rk4JlNc2TPmZe2af99d45
It’s Nice To Have A Friend,Taylor Swift,Lover,2019-08-23,150440,64,https://open.spotify.com/track/1SmiQ65iSAbPto6gPFlBYm
Daylight,Taylor Swift,Lover,2019-08-23,293453,79,https://open.spotify.com/track/1fzAuUVbzlhZ1lJAx9PtY6
Lover - First Dance Remix,Taylor Swift,Lover (First Dance Remix),2019-11-26,233466,53,https://open.spotify.com/track/2msvOEbkK50foYf9BMXr2X
You Need To Calm Down - Clean Bandit Remix,Taylor Swift,You Need To Calm Down (Clean Bandit Remix),2019-08-20,152773,46,https://open.spotify.com/track/7Bjf96uNizpvXLvNyOJpst
ME! - Live From Paris,Taylor Swift,ME! (Live From Paris),2020-05-17,213026,46,https://open.spotify.com/track/5fOV54t6mMYv3H9CsnvU81
The Archer - Live From Paris,Taylor Swift,The Archer (Live From Paris),2020-05-17,210960,50,https://open.spotify.com/track/2fgiBCtbWo8pijF6M7pN1i
Death By A Thousand Cuts - Live From Paris,Taylor Swift,Death By A Thousand Cuts (Live From Paris),2020-05-17,199066,54,https://open.spotify.com/track/3oF7Or7T35yhQbGxbCGvRX
Cornelia Street - Live From Paris,Taylor Swift,Cornelia Street (Live From Paris),2020-05-18,296013,59,https://open.spotify.com/track/3fGnrtrtL1IHSX9t4DKOYf
The Man - Live From Paris,Taylor Swift,The Man (Live From Paris),2020-02-18,219385,48,https://open.spotify.com/track/7FKbTRXXIWVFQmPH8zGfU0
Daylight - Live From Paris,Taylor Swift,Daylight (Live From Paris),2020-05-17,262320,55,https://open.spotify.com/track/7ryS0xBZNYjQqql34GCkDp
You Need To Calm Down - Live From Paris,Taylor Swift,You Need To Calm Down (Live From Paris),2020-05-17,203960,47,https://open.spotify.com/track/36a08nLG1xazGaaVKK0vv7
Lover - Live From Paris,Taylor Swift,Lover (Live From Paris),2020-05-17,229733,49,https://open.spotify.com/track/4lD3RXyvHpJsM3BhIEC4aA
Only The Young - Featured in Miss Americana,Taylor Swift,Only The Young (Featured in Miss Americana),2020-01-31,157507,61,https://open.spotify.com/track/2slqvGLwzZZYsT4K4Y1GBC
Lover (Remix) [feat. Shawn Mendes],Taylor Swift,Lover (Remix) [feat. Shawn Mendes],2019-11-13,221306,66,https://open.spotify.com/track/3i9UVldZOE0aD0JnyfAZZ0
"Beautiful Ghosts - From The Motion Picture Soundtrack ""Cats""",Taylor Swift,"Beautiful Ghosts (From The Motion Picture ""Cats"")",2019-11-15,261061,0,https://open.spotify.com/track/6PPbs1c7f7Ove5JHUPmNZ2
Christmas Tree Farm,Taylor Swift,Christmas Tree Farm,2019-12-06,228026,61,https://open.spotify.com/track/2mvabkN1i2gLnGAPUVdwek
...Ready For It?,Taylor Swift,reputation,2017-11-10,208186,79,https://open.spotify.com/track/2yLa0QULdQr0qAIvVwN6B5
Blank Space,Taylor Swift,1989 (Deluxe Edition),2014-10-27,231826,49,https://open.spotify.com/track/2sC2P3BN0IXujNaaSyDmtP
Bad Blood,Taylor Swift,Bad Blood,2015-05-17,200106,66,https://open.spotify.com/track/6xsEAm6w9oMQYYg3jkEkMT
Shake It Off,Taylor Swift,1989 (Deluxe Edition),2014-10-27,219200,50,https://open.spotify.com/track/3fthfkkvy9av3q3uAGVf7U
You Belong With Me,Taylor Swift,Fearless Platinum Edition,2008-11-11,231146,48,https://open.spotify.com/track/3as6Wz3mwbTnusWhZjTUNr
Mean,Taylor Swift,Speak Now (Deluxe Edition),2010-10-25,237733,44,https://open.spotify.com/track/4N60XfcTE1ysLZGbYgnYXq
End Game,Taylor Swift,reputation,2017-11-10,244826,73,https://open.spotify.com/track/2x0WlnmfG39ZuDmstl9xfX
The Story Of Us,Taylor Swift,Speak Now (Deluxe Edition),2010-10-25,265666,41,https://open.spotify.com/track/19tHCfzUSoy5HkpxcmbA0A
Style,Taylor Swift,1989 (Deluxe Edition),2014-10-27,231000,53,https://open.spotify.com/track/1fo2ctLqj3zBhRQKOXprol
Speak Now,Taylor Swift,Speak Now (Deluxe Edition),2010-10-25,240760,40,https://open.spotify.com/track/1nYWTzy5zu3zEPNgB1sItW
Out Of The Woods,Taylor Swift,1989 (Deluxe Edition),2014-10-27,235800,46,https://open.spotify.com/track/6Nde5KuTXyB7jlPO4upaBo
Wildest Dreams,Taylor Swift,1989 (Deluxe Edition),2014-10-27,220440,47,https://open.spotify.com/track/106R7Z57WYzBAfrXImV30y
Love Story,Taylor Swift,Fearless Platinum Edition,2008-11-11,235280,48,https://open.spotify.com/track/0kN3oXYWWAk1uC0y2WoyOE
I Don’t Wanna Live Forever (Fifty Shades Darker),ZAYN,Fifty Shades Darker (Original Motion Picture Soundtrack),2017-02-10,245653,69,https://open.spotify.com/track/2y5aJvzXhHPA94U5GFAcXe
Picture To Burn,Taylor Swift,Taylor Swift,2006-10-24,173066,64,https://open.spotify.com/track/32mVHdy0bi1XKgr0ajsBlG
Ours,Taylor Swift,Speak Now (Deluxe Edition),2010-10-25,237920,45,https://open.spotify.com/track/1EQn3Uc5AyUXoiPLeyCrrg
White Horse,Taylor Swift,Fearless Platinum Edition,2008-11-11,234440,38,https://open.spotify.com/track/4jPtq9shRdUv8Zjr0a5xkD
Look What You Made Me Do,Taylor Swift,reputation,2017-11-10,211853,80,https://open.spotify.com/track/1P17dC1amhFzptugyAO7Il
Mine,Taylor Swift,Speak Now (Deluxe Edition),2010-10-25,230706,43,https://open.spotify.com/track/6LZaxlycSWrJZ4Volb25qx
Delicate,Taylor Swift,reputation,2017-11-10,232253,80,https://open.spotify.com/track/6NFyWDv5CjfwuzoCkw47Xf
Our Song,Taylor Swift,Taylor Swift,2006-10-24,201106,69,https://open.spotify.com/track/15DeqWWQB4dcEWzJg15VrN
Fearless,Taylor Swift,Fearless Platinum Edition,2008-11-11,242000,39,https://open.spotify.com/track/3F6czr26ZwGU5O5CHY04Ma
Sparks Fly,Taylor Swift,Speak Now (Deluxe Edition),2010-10-25,260933,44,https://open.spotify.com/track/1q8E1FfFuhd12c5JcJwPxQ
Should've Said No,Taylor Swift,Taylor Swift,2006-10-24,242200,61,https://open.spotify.com/track/16MVSD0mGI4RMQT83Qzm69
Fifteen,Taylor Swift,Fearless Platinum Edition,2008-11-11,294346,38,https://open.spotify.com/track/3M0w3fhdXByHLCNAoi5c9G
Getaway Car,Taylor Swift,reputation,2017-11-10,233626,77,https://open.spotify.com/track/0VE4kBnHJUgtMf0dy6DRmW
Today Was A Fairytale - US Version,Taylor Swift,Today Was A Fairytale,2010-01-01,241813,38,https://open.spotify.com/track/1P5QpwOgXJuoVTm3CWbnLY
Back To December,Taylor Swift,Speak Now (Deluxe Edition),2010-10-25,293026,44,https://open.spotify.com/track/7lxADouiWFkwR7ZV2GKUcH
Safe & Sound - from The Hunger Games Soundtrack,Taylor Swift,The Hunger Games: Songs From District 12 And Beyond,2012-01-01,240066,61,https://open.spotify.com/track/0z9UVN8VBHJ9HdfYsOuuNf
Tim McGraw,Taylor Swift,Taylor Swift,2006-10-24,232106,61,https://open.spotify.com/track/0Om9WAB5RS09L80DyOfTNa
Gorgeous,Taylor Swift,reputation,2017-11-10,209680,75,https://open.spotify.com/track/1ZY1PqizIl78geGM4xWlEA
I Did Something Bad,Taylor Swift,reputation,2017-11-10,238253,74,https://open.spotify.com/track/4svZDCRz4cJoneBpjpx8DJ
Don’t Blame Me,Taylor Swift,reputation,2017-11-10,236413,83,https://open.spotify.com/track/1R0a2iXumgCiFb7HEZ7gUE
So It Goes...,Taylor Swift,reputation,2017-11-10,227906,68,https://open.spotify.com/track/5PxFv9yJEg9dxvbZggykro
King Of My Heart,Taylor Swift,reputation,2017-11-10,214320,72,https://open.spotify.com/track/7HuBDWi18s4aJM8UFnNheH
Dancing With Our Hands Tied,Taylor Swift,reputation,2017-11-10,211506,71,https://open.spotify.com/track/7I7JbDv63ZJJsSi24DyJrz
Dress,Taylor Swift,reputation,2017-11-10,230373,75,https://open.spotify.com/track/6oVxXO5oQ4pTpO8RSnkzvv
This Is Why We Can't Have Nice Things,Taylor Swift,reputation,2017-11-10,207133,68,https://open.spotify.com/track/07NxDD1iKCHbAldceD7QLP
Call It What You Want,Taylor Swift,reputation,2017-11-10,203506,75,https://open.spotify.com/track/1GwMQaZz6Au3QLDbjbMdme
New Year’s Day,Taylor Swift,reputation,2017-11-10,235466,70,https://open.spotify.com/track/7F5oktn5YOsR9eR5YsFtqb
Welcome To New York,Taylor Swift,1989 (Deluxe Edition),2014-10-27,212600,47,https://open.spotify.com/track/33Kq0AT5rvwyE4azisG08x
All You Had To Do Was Stay,Taylor Swift,1989 (Deluxe Edition),2014-10-27,193293,44,https://open.spotify.com/track/0lmMtDQ2ElasKU2qDAE6NN
I Wish You Would,Taylor Swift,1989 (Deluxe Edition),2014-10-27,207440,47,https://open.spotify.com/track/1B5VzXPqMlvRw0U4HJY3dJ
Bad Blood,Taylor Swift,1989 (Deluxe Edition),2014-10-27,211933,46,https://open.spotify.com/track/0yN4fNzmVnmgC0dsOoi9Wh
How You Get The Girl,Taylor Swift,1989 (Deluxe Edition),2014-10-27,247533,49,https://open.spotify.com/track/6wfugRLamFsTRbPcCpNnP7
This Love,Taylor Swift,1989 (Deluxe Edition),2014-10-27,250093,44,https://open.spotify.com/track/1kTPQnabROVkW9bUXdCGrB
I Know Places,Taylor Swift,1989 (Deluxe Edition),2014-10-27,195706,46,https://open.spotify.com/track/2zfgVd034GlUvk7LqBHl6u
Clean,Taylor Swift,1989 (Deluxe Edition),2014-10-27,271000,50,https://open.spotify.com/track/4bXCcoesMt8u99xMsbLr9U
Wonderland,Taylor Swift,1989 (Deluxe Edition),2014-10-27,245560,50,https://open.spotify.com/track/6iWMI5oOhWrDbLbjmwTWFq
You Are In Love,Taylor Swift,1989 (Deluxe Edition),2014-10-27,267106,51,https://open.spotify.com/track/4A2LfnduSTsE8u0ecYROxE
New Romantics,Taylor Swift,1989 (Deluxe Edition),2014-10-27,230466,58,https://open.spotify.com/track/6rZVy6FIG7lSJQMFXHo12z
Dear John,Taylor Swift,Speak Now (Deluxe Edition),2010-10-25,403920,46,https://open.spotify.com/track/1ubvV5ECkm6nSI6g1HmbBK
Never Grow Up,Taylor Swift,Speak Now (Deluxe Edition),2010-10-25,290466,46,https://open.spotify.com/track/74WBGgUnpKrJXt6TETfR6Z
Enchanted,Taylor Swift,Speak Now (Deluxe Edition),2010-10-25,352186,44,https://open.spotify.com/track/14LtANuaslKWyYbktUrHBU
Better Than Revenge,Taylor Swift,Speak Now (Deluxe Edition),2010-10-25,217160,53,https://open.spotify.com/track/1By2VQkUN0Frd8mKNV5NYC
Innocent,Taylor Swift,Speak Now (Deluxe Edition),2010-10-25,302253,36,https://open.spotify.com/track/3kfgJql90tzgoxByioAMXR
Haunted,Taylor Swift,Speak Now (Deluxe Edition),2010-10-25,242080,44,https://open.spotify.com/track/11UaQaEp2LvdspTyyuE3ur
Last Kiss,Taylor Swift,Speak Now (Deluxe Edition),2010-10-25,367133,41,https://open.spotify.com/track/1D27z8xNzjW0Mwwt1NCWhJ
Long Live,Taylor Swift,Speak Now (Deluxe Edition),2010-10-25,317453,41,https://open.spotify.com/track/7DjCRhhFo9PPzca1BjMLcf
If This Was A Movie,Taylor Swift,Speak Now (Deluxe Edition),2010-10-25,234546,42,https://open.spotify.com/track/0vvt4IZOMkRug195S4MUq0
Superman,Taylor Swift,Speak Now (Deluxe Edition),2010-10-25,275960,37,https://open.spotify.com/track/2R7C9dDqv1UPycvepBFziA
Back To December - Acoustic,Taylor Swift,Speak Now (Deluxe Edition),2010-10-25,292560,42,https://open.spotify.com/track/6IH2Z54gYPLqgJtxZjX80i
Haunted - Acoustic Version,Taylor Swift,Speak Now (Deluxe Edition),2010-10-25,217613,41,https://open.spotify.com/track/62rlxI6g2PNaWsHoiRryto
Mine - POP Mix,Taylor Swift,Speak Now (Deluxe Edition),2010-10-25,230333,37,https://open.spotify.com/track/0fAbfDiuQiUwV7FUcFfRGY
Jump Then Fall,Taylor Swift,Fearless Platinum Edition,2008-11-11,237066,38,https://open.spotify.com/track/08gavXombT6KR0af88i9tA
Untouchable,Taylor Swift,Fearless Platinum Edition,2008-11-11,311040,37,https://open.spotify.com/track/2IZ00ed83ygPIiacYScWUE
Forever & Always - Piano Version,Taylor Swift,Fearless Platinum Edition,2008-11-11,267506,37,https://open.spotify.com/track/46HGgtwmmuEB8mvDCyjyAc
Come In With The Rain,Taylor Swift,Fearless Platinum Edition,2008-11-11,238106,37,https://open.spotify.com/track/4pl5zcqCv4vc3cB7M4MZ6f
SuperStar,Taylor Swift,Fearless Platinum Edition,2008-11-11,261453,34,https://open.spotify.com/track/14Bljc3pOOG0xQX3wqhLN9
The Other Side Of The Door,Taylor Swift,Fearless Platinum Edition,2008-11-11,237600,36,https://open.spotify.com/track/0xvsgzM8AtBtRHZm5rav8A
Hey Stephen,Taylor Swift,Fearless Platinum Edition,2008-11-11,254320,36,https://open.spotify.com/track/6wcFdMmiDscAhZJrcVFumx
Breathe,Taylor Swift,Fearless Platinum Edition,2008-11-11,263986,37,https://open.spotify.com/track/6S9G7J3EB1ZY0rrZPwsBg5
Tell Me Why,Taylor Swift,Fearless Platinum Edition,2008-11-11,200560,34,https://open.spotify.com/track/4XrP7vKBjKLEYlRZdb0Ygr
You're Not Sorry,Taylor Swift,Fearless Platinum Edition,2008-11-11,261800,35,https://open.spotify.com/track/6HWYtS215rxaaMjvpyG18W
The Way I Loved You,Taylor Swift,Fearless Platinum Edition,2008-11-11,244240,37,https://open.spotify.com/track/77VotUUL79U10TAnYdqwvr
Forever & Always,Taylor Swift,Fearless Platinum Edition,2008-11-11,225333,37,https://open.spotify.com/track/1zxrcAk6eiytfavqriMcKT
The Best Day,Taylor Swift,Fearless Platinum Edition,2008-11-11,245346,34,https://open.spotify.com/track/5YbZZ2gYfvW1UvHHF4pVaD
Change,Taylor Swift,Fearless Platinum Edition,2008-11-11,281053,33,https://open.spotify.com/track/0RdcBnAXyH2YZZvcBVu2k6
A Place in this World,Taylor Swift,Taylor Swift,2006-10-24,199200,53,https://open.spotify.com/track/73OX8GdpOeGzKC6OvGSbsv
Cold As You,Taylor Swift,Taylor Swift,2006-10-24,239013,53,https://open.spotify.com/track/7an1exwMnfYRcdVQm0yDev
The Outside,Taylor Swift,Taylor Swift,2006-10-24,207106,50,https://open.spotify.com/track/2QA3IixpRcKyOdG7XDzRgv
Tied Together with a Smile,Taylor Swift,Taylor Swift,2006-10-24,248106,51,https://open.spotify.com/track/6K0CJLVXqbGMeJSmJ4ENKK
Stay Beautiful,Taylor Swift,Taylor Swift,2006-10-24,236053,51,https://open.spotify.com/track/2ZoOmCSgj0ypVAmGd1ve4y
Mary's Song (Oh My My My),Taylor Swift,Taylor Swift,2006-10-24,213080,55,https://open.spotify.com/track/2QrQCMel6v2JiLxqrg4p2O
I'm Only Me When I'm With You,Taylor Swift,Taylor Swift,2006-10-24,213053,54,https://open.spotify.com/track/0JIdBrXGSJXS72zjF9ss9u
Invisible,Taylor Swift,Taylor Swift,2006-10-24,203226,50,https://open.spotify.com/track/5OOd01o2YS1QFwdpVLds3r
A Perfectly Good Heart,Taylor Swift,Taylor Swift,2006-10-24,220146,49,https://open.spotify.com/track/1spLfUJxtyVyiKKTegQ2r4
Teardrops on My Guitar - Pop Version,Taylor Swift,Taylor Swift,2006-10-24,179066,50,https://open.spotify.com/track/4pJi1rVt9GNegU9kywjg4z
Teardrops On My Guitar - Radio Single Remix,Taylor Swift,Taylor Swift,2006-10-24,203040,62,https://open.spotify.com/track/7zMcNqs55Mxer82bvZFkpg
Ronan,Taylor Swift,Ronan,2012-09-08,265306,37,https://open.spotify.com/track/0Nw8hv79MLJa1yjtsEgz08
Delicate - Recorded at The Tracking Room Nashville,Taylor Swift,Spotify Singles,2018-04-13,228460,56,https://open.spotify.com/track/1Fj0T1XKuhRu7EZzJ7NJIK
September - Recorded at The Tracking Room Nashville,Taylor Swift,Spotify Singles,2018-04-13,187823,58,https://open.spotify.com/track/5eGX87IiKsGuzS3iw4CfCX
"Sweeter Than Fiction - From ""One Chance"" Soundtrack",Taylor Swift,Sweeter Than Fiction,2013-10-21,237640,53,https://open.spotify.com/track/0RFCHlNuTeUHIB36VuVbOL
Eyes Open,Taylor Swift,The Hunger Games: Songs From District 12 And Beyond,2012-01-01,244586,45,https://open.spotify.com/track/7wjbSn8QHsxqKXU5M0jXGM
Back To December/Apologize/You're Not Sorry - Live/2011/Medley,Taylor Swift,Speak Now World Tour Live,2010-10-25,362826,45,https://open.spotify.com/track/1IsquhJFJ0qcFZI7FeAEuN
Bette Davis Eyes - Live/2011,Taylor Swift,Speak Now World Tour Live,2010-10-25,189146,41,https://open.spotify.com/track/6KF9xd2hBLuexrmBX4vUWD
I Want You Back - Live/2011,Taylor Swift,Speak Now World Tour Live,2010-10-25,83253,38,https://open.spotify.com/track/4KB3zBArZ1rHRExilzycaV
Ours - Live/2011,Taylor Swift,Speak Now World Tour Live,2010-10-25,245973,37,https://open.spotify.com/track/68QyrSzpnoU04AAhE5z8lj
Last Kiss - Live/2011,Taylor Swift,Speak Now World Tour Live,2010-10-25,369066,38,https://open.spotify.com/track/6hH37tyeRdyan1mAppmVor
Haunted - Live/2011,Taylor Swift,Speak Now World Tour Live,2010-10-25,292426,40,https://open.spotify.com/track/6znB7YZhMJT2B83zfbiyLq
Long Live - Live/2011,Taylor Swift,Speak Now World Tour Live,2010-10-25,376466,39,https://open.spotify.com/track/5QkzyLUb4ggojNDp8G2OxX
Sparks Fly - Live/2011,Taylor Swift,Speak Now World Tour Live,2010-10-25,336826,40,https://open.spotify.com/track/1aBJNc2thaKyh5THWzIqHX
Mine - Live/2011,Taylor Swift,Speak Now World Tour Live,2010-10-25,259279,38,https://open.spotify.com/track/7yndkPYP6YQQLBpPsizDfh
The Story Of Us - Live,Taylor Swift,Speak Now World Tour Live,2010-10-25,290520,39,https://open.spotify.com/track/72GIZuUXo14oyrS0si3Rgc
Dear John - Live/2011,Taylor Swift,Speak Now World Tour Live,2010-10-25,404680,38,https://open.spotify.com/track/4DbI1rr4IQ2bc8nejy9ttd
Mean - Live/2011,Taylor Swift,Speak Now World Tour Live,2010-10-25,246373,38,https://open.spotify.com/track/7mFiEij8AXPUZB7aKLbUlQ
Better Than Revenge - Live/2011,Taylor Swift,Speak Now World Tour Live,2010-10-25,344573,39,https://open.spotify.com/track/6505MLhnqTDDg4tjoUz2Wp
Enchanted - Live/2011,Taylor Swift,Speak Now World Tour Live,2010-10-25,389213,40,https://open.spotify.com/track/3lm4L3pPL32PFy74dR17OR
Speak Now - Live/2011,Taylor Swift,Speak Now World Tour Live,2010-10-25,248146,37,https://open.spotify.com/track/3QFB14MOUf3imlyISNmrbT
Drops Of Jupiter - Live/2011,Taylor Swift,Speak Now World Tour Live,2010-10-25,315173,46,https://open.spotify.com/track/0BSmbCIY36iw04azzJ3S0S
Delicate - Seeb Remix,Taylor Swift,Delicate (Seeb Remix),2018-06-08,173265,55,https://open.spotify.com/track/2Sy2oGjP5RYB4cLVoDU0Gz
...Ready For It? - BloodPop® Remix,Taylor Swift,...Ready For It? (BloodPop® Remix),2017-12-01,189508,48,https://open.spotify.com/track/1Ygm9KdH3wbzDekO8JgxcW
Delicate - Sawyr And Ryan Tedder Mix,Taylor Swift,Delicate (Sawyr And Ryan Tedder Mix),2018-05-25,184281,41,https://open.spotify.com/track/6SYwJcqaltK2WFRmD1unUV
Babe,Sugarland,Bigger,2018-06-08,215106,53,https://open.spotify.com/track/7fRruZ12gXGwBs0zXQ6e5V
Big Star (with Taylor Swift) - Live,Kenny Chesney,Live in No Shoes Nation,2017-10-27,306506,41,https://open.spotify.com/track/7JKwboSAWRHJI5U1XGTqS3
Highway Don't Care,Tim McGraw,Two Lanes Of Freedom (Accelerated Deluxe),2013-01-01,278453,38,https://open.spotify.com/track/6Bb5aUjzUT5ozbbr0VpnZ8
Both of Us (feat. Taylor Swift),B.o.B,Strange Clouds,2012-04-27,216120,54,https://open.spotify.com/track/3r9bgSJlJz2zlevcBRYXko
Two Is Better Than One (feat. Taylor Swift),BOYS LIKE GIRLS,Love Drunk,2009-09-07,242840,63,https://open.spotify.com/track/1MaqkdFNIKPdpQGDzme5ss
Crazier,Taylor Swift,Hannah Montana The Movie,2009-01-01,191946,64,https://open.spotify.com/track/5vyxXfD5gLlyPxGZMEjtmd
Should've Said No - The 3D Concert Experience,Jonas Brothers,Music from the 3D Concert Experience,2009-01-01,253800,42,https://open.spotify.com/track/06FXaDDdg0BzXl15cthMS5
Last Christmas,Taylor Swift,The Taylor Swift Holiday Collection,2008-12-02,208253,48,https://open.spotify.com/track/2IprIjGNRlj3TfqUWCAo0C
Christmases When You Were Mine,Taylor Swift,The Taylor Swift Holiday Collection,2008-12-02,184253,44,https://open.spotify.com/track/1g09DZjQ7yBommCT6POY2n
Santa Baby,Taylor Swift,The Taylor Swift Holiday Collection,2008-12-02,158600,41,https://open.spotify.com/track/71IScwIe7bcIlpnlkbKVQw
Silent Night,Taylor Swift,The Taylor Swift Holiday Collection,2008-12-02,209893,39,https://open.spotify.com/track/1cJkUN5LAotktryx2nPCr7
Christmas Must Be Something More,Taylor Swift,The Taylor Swift Holiday Collection,2008-12-02,232146,39,https://open.spotify.com/track/31JVjy3XWnh6C2zf4kLCXN
White Christmas,Taylor Swift,The Taylor Swift Holiday Collection,2008-12-02,154000,37,https://open.spotify.com/track/7GZ3KDorsc1yWndEtzGTjf
"Carolina - ""Where The Crawdads Sing"" - Video Edition",Taylor Swift,Carolina (From The Motion Picture “Where The Crawdads Sing”),2022-06-24,163944,45,https://open.spotify.com/track/12xIjI9A9UlB6zEc7kyZ06
